{"count":1,"self":2250.0296703999998,"total":2423.4793514,"children":{"InitializeActuators":{"count":4,"self":0.0020007,"total":0.0020007,"children":null},"InitializeSensors":{"count":4,"self":0.0029817999999999997,"total":0.0029817999999999997,"children":null},"AgentSendState":{"count":120837,"self":6.6608751999999996,"total":12.81273,"children":{"CollectObservations":{"count":96680,"self":0.5715887,"total":0.5715887,"children":null},"WriteActionMask":{"count":96680,"self":0.1109172,"total":0.1109172,"children":null},"RequestDecision":{"count":96680,"self":0.2953261,"total":5.4693486999999994,"children":{"AgentInfo.ToProto":{"count":96680,"self":0.4034171,"total":5.1740226,"children":{"GenerateSensorData":{"count":96680,"self":4.0578984,"total":4.7706054999999994,"children":{"RayPerceptionSensor.Perceive":{"count":193360,"self":0.712707,"total":0.712707,"children":null}}}}}}}}},"DecideAction":{"count":120837,"self":157.9500544,"total":157.95005469999998,"children":null},"AgentAct":{"count":120837,"self":2.6703767999999997,"total":2.6703769,"children":null},"AgentInfo.ToProto":{"count":100,"self":0,"total":0.0074424999999999995,"children":{"GenerateSensorData":{"count":100,"self":0.0060297,"total":0.0074424999999999995,"children":{"RayPerceptionSensor.Perceive":{"count":200,"self":0.0014127999999999999,"total":0.0014127999999999999,"children":null}}}}}},"gauges":{"SoccerTwos.CumulativeReward":{"count":100,"max":0,"min":0,"runningAverage":0,"value":0,"weightedAverage":0}},"metadata":{"timer_format_version":"0.1.0","start_time_seconds":"1668908727","unity_version":"2021.3.10f1","command_line_arguments":"C:\/\/Users\/\/ps\/\/Documents\/\/Academic\/\/StudyInUofT\/\/2022Fall\/\/MIE1075\/\/MIE1075_Soccer\/\/buildmysoccer\/\/SoccerTwos.exe --mlagents-port 5005","communication_protocol_version":"1.5.0","com.unity.ml-agents_version":"2.2.1-exp.1","scene_name":"SoccerTwos","end_time_seconds":"1668911150"}}