{"count":1,"self":80.97715199999999,"total":97.972690399999991,"children":{"InitializeActuators":{"count":10,"self":0.001995,"total":0.001995,"children":null},"InitializeSensors":{"count":10,"self":0.0039895999999999994,"total":0.0039895999999999994,"children":null},"AgentSendState":{"count":13673,"self":0.4964712,"total":1.2169166999999999,"children":{"CollectObservations":{"count":27370,"self":0.007991,"total":0.007991,"children":null},"WriteActionMask":{"count":27370,"self":0.0118944,"total":0.0118944,"children":null},"RequestDecision":{"count":27370,"self":0.0200645,"total":0.7005601,"children":{"AgentInfo.ToProto":{"count":27370,"self":0.0300151,"total":0.6804956,"children":{"GenerateSensorData":{"count":27370,"self":0.5888732,"total":0.6504805,"children":{"RayPerceptionSensor.Perceive":{"count":54740,"self":0.0616073,"total":0.0616073,"children":null}}}}}}}}},"DecideAction":{"count":13673,"self":15.6851728,"total":15.685172699999999,"children":null},"AgentAct":{"count":13673,"self":0.084468,"total":0.084468,"children":null},"AgentInfo.ToProto":{"count":20,"self":0,"total":0.00099739999999999985,"children":{"GenerateSensorData":{"count":20,"self":0,"total":0.00099739999999999985,"children":{"RayPerceptionSensor.Perceive":{"count":40,"self":0.00099739999999999985,"total":0.00099739999999999985,"children":null}}}}}},"gauges":{"SoccerTwos.CumulativeReward":{"count":20,"max":0.792019069,"min":-0.792019069,"runningAverage":-0.20961155,"value":-0.792019069,"weightedAverage":-0.4766019}},"metadata":{"timer_format_version":"0.1.0","start_time_seconds":"1669244366","unity_version":"2021.3.10f1","command_line_arguments":"C:\/\/Users\/\/raman\/\/Documents\/\/Pengsong\/\/MIE1075_Soccer\/\/osoccer\/\/UnityEnvironment.exe --mlagents-port 5005","communication_protocol_version":"1.5.0","com.unity.ml-agents_version":"2.3.0-exp.3","scene_name":"SoccerFives","end_time_seconds":"1669244464"}}